test.id,add.id,concentration,reliability,used.model,nboot.fit,n.obs,mu.model,lambda.model,A.para,Integral.model,mu.se,lambda.se,A.se,mu.spline,lambda.spline,A.nonpara,integral.spline,mu.low,mu.high,lambda.low,lambda.high,A.low,A.high,Integral.low,Integral.high,fit.status.spline,fit.status.model,fail.reason.spline,fail.reason.model
test_curves_tmax20h,test_curves_tmax20h_L01,0.0,True,logistic,100,41,0.11832912199085147,3.118426937821975,0.7967771249898845,11.880915949864189,0.0020048084124460884,0.10379888286589262,0.007023041419234994,0.12718153782328295,3.5480807073668825,0.7797591910825327,11.880212444550967,0.1104264158058753,0.1284415817073677,3.066581778696128,3.7329517395277763,0.7605522054664725,0.7905546146268004,10.911567469441414,11.918169216392888,ok,ok,,
test_curves_tmax20h,test_curves_tmax20h_L02,0.0,True,logistic,100,41,0.13018095294555906,4.382846065218921,0.9398331462329571,12.617425354214557,0.0023986503332099405,0.11016330429123003,0.008260693045245739,0.13979044887766962,4.5614172107076865,0.9544873665330875,12.625868976495791,0.13068668887041673,0.14698870455073978,4.303211381386102,4.917994022494918,0.9055187827413405,0.9678271423951622,11.087642429250941,12.678618561951575,ok,ok,,
test_curves_tmax20h,test_curves_tmax20h_L06,0.0,True,logistic,100,41,0.03913887510772731,5.900053567642068,0.5895052469499861,5.118903310634952,0.0010697151664222754,0.37442471183984877,0.030554288578289956,0.047241582479403584,7.696545377611109,0.49064424930011963,5.12035108469091,0.03962401039435817,0.05214832774927444,6.195591570090789,8.657820430488734,0.46463897144063476,0.4994560743893607,4.418565689694569,5.161935782123428,ok,ok,,
test_curves_tmax20h,test_curves_tmax20h_L07,0.0,True,,100,41,,,,,,,,0.08445116173527396,7.362479290511657,0.8277931978884854,9.402535527105462,0.07675587625656811,0.08938956544885655,2.3297113657692754,8.017865060084953,0.7977168961939052,0.8296309950714658,8.474355848483471,9.452615566092296,ok,failed,,all_models_failed
test_curves_tmax20h,test_curves_tmax20h_L08,0.0,True,gompertz,100,41,0.02916147478419685,4.934267880602694,0.2822719354247489,4.387092121716129,0.0019092676107676568,0.3916726700612274,0.011501300883442877,0.03388260302010819,5.48559921049298,0.27117983308632865,4.3877578266942106,0.028687903421961123,0.036903457309664045,4.7464119077002955,5.941173179783274,0.2562504308083983,0.2843587403334478,3.806822615689584,4.4562093983421756,ok,ok,,
