test.id,add.id,concentration,reliability,used.model,nboot.fit,n.obs,mu.model,lambda.model,A.para,Integral.model,mu.se,lambda.se,A.se,mu.spline,lambda.spline,A.nonpara,integral.spline,mu.low,mu.high,lambda.low,lambda.high,A.low,A.high,Integral.low,Integral.high,fit.status.spline,fit.status.model,fail.reason.spline,fail.reason.model
lab_16h_0.25_Sparse_Extr,lab_16h_0.25_Sparse_Extr_Test1,0.01,True,richards,100,16,0.04246426019538008,6.409353129612626,0.22552482871807153,1.8776332478434568,0.005194069728115924,0.5375515912075473,0.004100674269260678,0.04092331513943602,6.4898412884847705,0.2155474718307999,1.8883886062524182,0.02567182714011235,0.04152391744289065,5.047943884242471,7.017969705594421,0.19008463983938353,0.2218792140722383,1.0805436877974366,1.9071700157114095,ok,ok,,
lab_16h_0.25_Sparse_Extr,lab_16h_0.25_Sparse_Extr_Test2,0.03,True,logistic,100,11,0.028229383004291814,5.457262079718264,0.22305352101829606,1.6523180932412445,0.003430851886873624,0.6648679267011415,0.01816371910079421,0.03430925585297612,6.27991489174146,0.21577069482202352,1.6906769015857455,0.022101214174299263,0.035120767938068495,4.453866892971592,6.815641746759974,0.11199999999999184,0.21590080715938806,0.5287835517493947,1.7173172797536274,ok,ok,,
lab_16h_0.25_Sparse_Extr,lab_16h_0.25_Sparse_Extr_Test3,1.0,True,logistic,100,13,0.020621301558334113,4.720666091349877,0.2967146074190775,1.6431487167027032,0.0006902179564922824,0.43711143988927936,0.04335673427238351,0.02675691697586385,6.142993645893655,0.21223461945054287,1.7069173608205737,0.01765885860380256,0.027223232375382597,4.117613745054843,7.153074469184898,0.13226147909770847,0.21346909236905898,0.9449406152792431,1.7585261179831098,ok,ok,,
lab_16h_0.25_Sparse_Extr,lab_16h_0.25_Sparse_Extr_Test4,3.0,True,,100,16,,,,,,,,0.03120854534505213,9.440994843138522,0.2046970098563422,1.3698732717848106,0.01599659773857314,0.0315705241592878,5.11802242854067,9.63505784347989,0.09573083560896828,0.20597788081875512,0.6188879422129455,1.392147282718449,ok,failed,,all_models_failed
lab_16h_0.25_Sparse_Extr,lab_16h_0.25_Sparse_Extr_Test5,30.0,True,,100,18,,,,,,,,0.005858694795942521,0.0,0.047930869862314734,0.6991015219612708,0.003128380389085656,0.005964568350653458,0.0,9.006177706107668,0.016110390401641406,0.04797738842339579,0.3560963999805672,0.7066323054651782,ok,failed,,all_models_failed
